{"cameraMode":{"drawMode":0,"name":"Shaded","section":"Shading Mode"},"sceneLighting":false,"audioPlay":false,"sceneViewState":{"m_AlwaysRefresh":false,"showFog":true,"showSkybox":false,"showFlares":true,"showImageEffects":true,"showParticleSystems":true,"showVisualEffectGraphs":true,"m_FxEnabled":true},"in2DMode":false,"pivot":{"x":1.340999960899353,"y":1.6375113725662232,"z":-4.871004104614258},"rotation":{"x":-0.08062125742435456,"y":-0.04561996087431908,"z":0.0026329969987273218,"w":-0.9961428046226502},"size":1.1638734340667725,"orthographic":false}