{"cameraMode":{"drawMode":0,"name":"Shaded","section":"Shading Mode"},"sceneLighting":false,"audioPlay":false,"sceneViewState":{"m_AlwaysRefresh":false,"showFog":true,"showSkybox":false,"showFlares":true,"showImageEffects":true,"showParticleSystems":true,"showVisualEffectGraphs":true,"m_FxEnabled":true},"in2DMode":false,"pivot":{"x":-3.5676767826080324,"y":9.714869499206543,"z":7.901860237121582},"rotation":{"x":0.00485894875600934,"y":0.9885692000389099,"z":-0.14820659160614015,"w":0.03327810764312744},"size":1.1963746547698975,"orthographic":false}