{"cameraMode":{"drawMode":0,"name":"Shaded","section":"Shading Mode"},"sceneLighting":true,"audioPlay":false,"sceneViewState":{"m_AlwaysRefresh":false,"showFog":true,"showSkybox":true,"showFlares":true,"showImageEffects":true,"showParticleSystems":true,"showVisualEffectGraphs":true,"m_FxEnabled":true},"in2DMode":false,"pivot":{"x":102.76268005371094,"y":2.635876417160034,"z":-28.158924102783204},"rotation":{"x":0.016558978706598283,"y":-0.8475012183189392,"z":0.03001377545297146,"w":0.5309551358222961},"size":27.39804458618164,"orthographic":false}