{"cameraMode":{"drawMode":0,"name":"Shaded","section":"Shading Mode"},"sceneLighting":true,"audioPlay":false,"sceneViewState":{"m_AlwaysRefresh":false,"showFog":true,"showSkybox":true,"showFlares":true,"showImageEffects":true,"showParticleSystems":true,"showVisualEffectGraphs":true,"m_FxEnabled":true},"in2DMode":false,"pivot":{"x":0.8140941262245178,"y":1.065704107284546,"z":-8.975922584533692},"rotation":{"x":-0.06970813870429993,"y":-0.17062793672084809,"z":0.012102593667805195,"w":-0.9827940464019775},"size":0.608812689781189,"orthographic":false}