{"cameraMode":{"drawMode":0,"name":"Shaded","section":"Shading Mode"},"sceneLighting":true,"audioPlay":false,"sceneViewState":{"m_AlwaysRefresh":false,"showFog":true,"showSkybox":true,"showFlares":true,"showImageEffects":true,"showParticleSystems":true,"showVisualEffectGraphs":true,"m_FxEnabled":true},"in2DMode":false,"pivot":{"x":-1.4602656364440919,"y":1.6685807704925538,"z":0.32854485511779787},"rotation":{"x":0.0065652234479784969,"y":-0.989988386631012,"z":0.11396047472953797,"w":0.08709567785263062},"size":1.753866195678711,"orthographic":false}