{"cameraMode":{"drawMode":0,"name":"Shaded","section":"Shading Mode"},"sceneLighting":true,"audioPlay":false,"sceneViewState":{"m_AlwaysRefresh":false,"showFog":true,"showSkybox":true,"showFlares":true,"showImageEffects":true,"showParticleSystems":true,"showVisualEffectGraphs":true,"m_FxEnabled":true},"in2DMode":false,"pivot":{"x":-0.1632998287677765,"y":1.3121943473815919,"z":-7.643486976623535},"rotation":{"x":-0.10898949950933457,"y":-0.06194661930203438,"z":0.004483201075345278,"w":-0.9927120804786682},"size":0.8177458643913269,"orthographic":false}