{"cameraMode":{"drawMode":0,"name":"Shaded","section":"Shading Mode"},"sceneLighting":false,"audioPlay":false,"sceneViewState":{"m_AlwaysRefresh":false,"showFog":true,"showSkybox":false,"showFlares":true,"showImageEffects":true,"showParticleSystems":true,"showVisualEffectGraphs":true,"m_FxEnabled":true},"in2DMode":false,"pivot":{"x":-0.05449303239583969,"y":0.9714981913566589,"z":-0.38200390338897707},"rotation":{"x":-0.00015897852426860482,"y":0.9989164471626282,"z":-0.032735925167798999,"w":-0.0415065698325634},"size":0.7857290506362915,"orthographic":false}