{"cameraMode":{"drawMode":0,"name":"Shaded","section":"Shading Mode"},"sceneLighting":false,"audioPlay":false,"sceneViewState":{"m_AlwaysRefresh":false,"showFog":true,"showSkybox":false,"showFlares":true,"showImageEffects":true,"showParticleSystems":true,"showVisualEffectGraphs":true,"m_FxEnabled":true},"in2DMode":false,"pivot":{"x":-0.13131794333457948,"y":1.6485494375228882,"z":-0.301200270652771},"rotation":{"x":0.00012927621719427407,"y":-0.9883565306663513,"z":0.15272006392478944,"w":0.0017920028185471893},"size":0.5464359521865845,"orthographic":false}