{"cameraMode":{"drawMode":0,"name":"Shaded","section":"Shading Mode"},"sceneLighting":false,"audioPlay":false,"sceneViewState":{"m_AlwaysRefresh":false,"showFog":true,"showSkybox":false,"showFlares":true,"showImageEffects":true,"showParticleSystems":true,"showVisualEffectGraphs":true,"m_FxEnabled":true},"in2DMode":false,"pivot":{"x":0.03128345310688019,"y":1.1608599424362183,"z":0.20562279224395753},"rotation":{"x":0.004029097966849804,"y":0.9973520040512085,"z":0.061650071293115619,"w":-0.04582543671131134},"size":0.8047325015068054,"orthographic":false}